{
  "rules": [
      {
        "rule_no": "RULE_101",
        "sensor_type": "HeartRate",
        "max_value": "115",
        "min_value": "60",
        "trigger_count": 3
      },
          {
        "rule_no": "RULE_102",
        "sensor_type": "Temperature",
        "max_value": "95",
        "min_value": "90",
        "trigger_count": 2
      },
    {
        "rule_no": "RULE_103",
        "sensor_type": "SPO2",
        "max_value": "95",
        "min_value": "90",
        "trigger_count": 3
      }
    ]
}